﻿IdSistema;CEPTI_idCEPTI;NmSistema
2;2;SIABE
3;2;SIACC
4;2;SIACL
5;2;SIADC
6;2;SIADJ
7;2;SIADT
8;2;SIAFG
9;2;SIAGT
10;2;SIARP
11;2;SIART
12;2;SIATR
13;2;SIATV
14;2;SIAUP
15;2;SIAUT
16;2;SIB24
17;2;SIBAN
18;2;SIBAR
19;2;SIBAT
20;2;SICAC
21;2;SICAL
22;2;SICAP
23;2;SICAQ
24;2;SICAR
25;2;SICAS
26;2;SICCF
27;2;SICCP
28;2;SICDC
29;2;SICEF
30;2;SICES
31;2;SICET
32;2;SICEX
33;2;SICID
34;2;SICLI
35;2;SICNR
36;2;SICOB
37;2;SICOC
38;2;SICOV
39;2;SICPJ
40;2;SICRA
41;2;SICRD
42;2;SICUC
43;2;SID00
44;2;SID01
45;2;SID02
46;2;SID03
47;2;SID05
48;2;SID06
49;2;SID07
50;2;SID08
51;2;SID09
52;2;SIDDA
53;2;SIDEC
54;2;SIDEM
55;2;SIDEP
56;2;SIDMF
57;2;SIEMD
58;2;SIESP
59;2;SIFGS
60;2;SIFIX
61;2;SIFMP
62;2;SIGCB
63;2;SIGDB
64;2;SIGIN
65;2;SIGMC
66;2;SIGOV
67;2;SIGPB
68;2;SIGPF
69;2;SIGSJ
70;2;SIGTA
71;2;SIICO
72;2;SIINC
73;2;SIINT
74;2;SIJUS
75;2;SILCR
76;2;SILTC
77;2;SIMAG
78;2;SIMEX
79;2;SINAU
80;2;SINCE
81;2;SIOCR
82;2;SIOLT
83;2;SIPAE
84;2;SIPAS
85;2;SIPCV
86;2;SIPER
87;2;SIPIS
88;2;SIPOS
89;2;SIPRO
90;2;SIPSQ
91;2;SIRAN
92;2;SIRDI
93;2;SIRET
94;2;SIRFE
95;2;SIRMA
96;2;SIROT
97;2;SIRUC
98;2;SISDE
99;2;SISIB
100;2;SISPB
101;2;SISPL
102;2;SISTN
103;2;SITAE
104;2;SITAG
105;2;SITAX
106;2;SITCS
107;2;SITEF
108;2;SITEX
109;2;SITLO
110;2;SITRC
111;2;SIUNI
112;2;SIUSU
113;2;SIVAT
114;2;SIVPF
115;2;SIIBC
116;2;SIMTC
117;2;SISAG
118;2;URA
119;2;GCB
120;2;PAP
121;2;MVS
122;2;ACC
123;2;ASG
124;2;DEC
125;2;SAG
126;2;DDA
127;2;TAG
128;2;GPF
129;2;CLI
130;2;SNS
131;2;LTC
132;2;CRA
133;2;DMF
134;2;WAM
135;2;TAX
136;2;TCS
137;2;CCP
138;2;D52
139;2;ATE
140;2;CIC
141;2;D05
142;2;DEM
143;2;ADT
144;2;DBM
145;2;GAT
146;2;COV
147;2;MTC
148;2;GTA
149;2;TEF
150;2;D00
151;2;CEX
152;2;ACL
153;2;TAE
154;2;CID
155;2;COB
156;2;LCR
157;2;OCR
158;2;DB2
159;2;PER
160;2;BAN
161;2;SEG
162;2;MOC
163;2;ACI
164;2;ART
165;2;SDU
166;2;PAE
167;2;PAS
168;2;SMS
169;2;INT
170;2;BAR
171;2;CAC
172;2;SMF
173;2;DON
174;2;GSJ
175;2;GMC
176;2;B24
177;2;FIX
178;2;ADC
179;2;D01
180;2;GDB
181;2;ABE
182;2;TLO
183;2;NCE
184;2;SIB
185;2;MEX
186;2;ADJ
187;2;CT0
188;2;CCV
189;2;CNT
190;2;DOC
191;2;CAP
192;2;ARP
193;2;TEX
194;2;PEL
195;2;POS
196;2;CDC
197;2;NAU
198;2;D53
199;2;CUC
200;2;ZZ1
201;2;FGS
202;2;PIS
203;2;D02
204;2;CTM
205;2;ATV
206;2;D03
207;2;RFE
208;2;DSP
209;2;CES
210;2;GEA
211;2;SDE
212;2;ICO
213;2;GOV
214;2;RAN
215;2;CRD
216;2;PRD
217;2;FMP
218;2;TRC
219;2;CCF
220;2;MAG
221;2;CAS
222;2;CEM
223;2;CET
224;2;CPJ
225;2;CEA
226;2;PRO
227;2;EMD
228;2;AFG
229;2;ATR
230;2;AUT
231;2;D08
232;2;VAT
233;2;ITG
234;2;SPL
235;2;STN
236;2;NAF
237;2;HMP
238;2;D07
239;2;RDI
240;2;LOJ
241;2;PCV
242;2;D06
243;2;GPB
244;2;UNI
245;2;NAC
246;2;TIF
247;2;GIN
248;2;ESP
249;2;ICR
250;2;CPP
251;2;API
252;2;PEN
253;2;INC
254;2;COC
255;2;ACS
256;2;ACM
257;2;CRI
258;2;AFM
259;2;D09
260;2;SRH
261;2;BDO
262;2;RET
263;2;IOA
264;2;VIC
265;2;TDF
266;2;CAR
267;2;CEF
268;2;CNR
269;2;IBC
270;2;PRF
271;2;OUV
272;2;ROT
273;2;ALI
274;2;HBK
275;2;FGE
276;2;SIA
277;2;CCL
278;2;FRA
279;2;GMS
280;2;CQL
281;2;AGT
282;2;AOI
283;2;BAT
284;2;RGM
285;2;MCA
286;2;SOL
287;2;GEL
288;2;FIN
289;2;ACN
290;2;AUP
291;2;CAL
292;2;NCP
293;2;RUC
294;2;SFI
295;2;DCE
296;2;RIC
297;2;FBN
298;2;SLR
299;2;COR
300;2;JUS
301;2;FLX
302;2;CDM
303;2;BSS
304;2;NPM
305;2;NA1
306;2;END
307;2;RMA
308;2;ICL
309;2;RBI
310;2;RAC
311;2;D49
312;2;ECP
313;2;SIACS
314;2;SIADB
315;2;SIADH
316;2;SIASN
317;2;SIDIS
318;2;SIDOC
319;2;SIDSN
320;2;SIDTW
321;2;SID52
322;2;SID53
323;2;SIGMS
324;2;SILOJ
325;2;SISBD
326;2;SISFW
327;2;SISIA
328;2;SISTR
329;2;SIVDR
330;2;SIWAM
331;2;VEP
332;2;ATS
333;2;DB2LOG
334;2;MANAGER
335;2;LOG_IBC_AXUR
336;2;SECURITY
337;2;PWC
338;2;SIGAP
339;2;SYB_LOG
340;2;BKP_TSM
341;2;SICCL
342;2;SISDU
343;2;CONTROL-M
344;2;SICEA
345;2;SINBC
346;2;SIMOC
347;2;INVENTARIO
348;2;AWSTATS
349;2;SITDF
350;2;SIFWC
351;2;SIMCA
352;2;SIABM
353;2;SIECP
354;2;SINAC
355;2;SIPAN
356;2;SICPP
357;2;SICCO
358;2;SUPBD
359;2;SICCV
360;2;SIBAM
361;2;ECCOX
362;2;SINACOR
363;2;SIACM
364;2;SIFBN
365;2;SIPWX
366;2;CND
367;2;IBM
368;2;SFG
369;2;SIIFE
370;2;SIVIC
371;2;PRODUCAO
372;2;SICPF
373;2;APX
374;2;FIT
375;2;SIDFH
376;2;SIMAO
377;2;BSP
378;2;BSO
379;2;BSC
380;2;BSR
381;2;BSD
382;2;BSH
383;2;BSE
384;2;SIBMC
385;2;SID49
386;2;VAL
387;2;SIACI
388;2;SINBM
389;2;
390;2;CCO
391;2;SUP
392;2;SBD
393;2;SIGAU
394;2;SUD
395;2;JES
396;2;PLA
397;2;SIEXT
398;3;SIAPF
399;3;SIAPG
400;3;SIASA
401;3;SIAUF
402;3;SIBEC
403;3;SICDM
404;3;SICED
405;3;SICER
406;3;SICFM
407;3;SICFW
408;3;SICID
409;3;SICNS
410;3;SICNX
411;3;SICOP
412;3;SICPC
413;3;SICPF
414;3;SICRH
415;3;SICTR
416;3;SIDUN
417;3;SIEGH
418;3;SIFCF
419;3;SIFCG
420;3;SIFCV
421;3;SIFGE
422;3;SIFGI
423;3;SIFGS
424;3;SIFGU
425;3;SIFMP
426;3;SIFUG
427;3;SIGAF
428;3;SIGDB
429;3;SIGDU
430;3;SIGEP
431;3;SIICO
432;3;SIIOF
433;3;SIISO
434;3;SIMCF
435;3;SIMRC
436;3;SIOGU
437;3;SIPAB
438;3;SIPAS
439;3;SIPCI
440;3;SIPEF
441;3;SIRBI
442;3;SISCP
443;3;SISDE
444;3;SISFG
445;3;SISGR
446;3;SISNP
447;3;SITRF
448;3;SITRP
449;3;SIUMP
450;3;SIWEB
451;3;SICIC
452;3;SIGPF
453;3;SIAFH
454;3;SIALL
455;3;SIAMT
456;3;SIARF
457;3;SIAUD
458;3;SIAUT
459;3;SIB2B
460;3;SIBES
461;3;SIBNS
462;3;SICIF
463;3;SICMU
464;3;SICNL
465;3;SICRF
466;3;SICSE
467;3;SICTM
468;3;SIDER
469;3;SIDTF
470;3;SIFAG
471;3;SIFAP
472;3;SIGDC
473;3;SIGHA
474;3;SIGHB
475;3;SIGRF
476;3;SIGTF
477;3;SIIBS
478;3;SIICE
479;3;SIICP
480;3;SIIDF
481;3;SIIGF
482;3;SILDC
483;3;SIMDS
484;3;SIMTE
485;3;SINAP
486;3;SIPCP
487;3;SIPCT
488;3;SIPET
489;3;SIPIE
490;3;SIPIS
491;3;SIPRE
492;3;SIQCC
493;3;SIRFG
494;3;SISAI
495;3;SISEM
496;3;SISMP
497;3;SISND
498;3;SISUR
499;3;SITAD
500;3;SITAH
501;3;SIURB
502;3;SIVCP
503;3;WEBP
504;3;SIRCW
505;3;DB2
506;3;SIPBS
507;3;SIFPM
508;3;SIGTD
509;3;SIOFG
510;3;SICRE
511;3;SISSG
512;3;SIMON
513;3;SIGBC
514;3;SIPAR
515;3;SISIPAR
516;3;SIDAS
517;3;SICRA
518;3;SIPSC
519;3;SIPAC
520;3;SINFS
521;1;SIS
522;1;RST
523;1;RTA
524;1;GCS
525;1;GFG
526;1;VER
527;1;PRD
528;1;CAR
529;1;ORA
530;1;GFC
531;1;PEN
532;1;GDR
533;1;SPE
534;1;OPI
535;1;GAC
536;1;RIC
537;1;EXP
538;1;CLI
539;1;DAT
540;1;EMP
541;1;IND
542;1;PAI
543;1;PLD
544;1;MON
545;1;SIO
546;1;IDM
547;1;RES
548;1;DIS
549;1;COL
550;1;GRC
551;1;PUX
552;1;FES
553;1;MIC
554;1;MQM
555;1;GER
556;1;
557;1;LDA
558;1;PDC
559;1;GBC
560;1;RTN
561;1;FEC
562;1;EVJ
563;1;TIM
564;1;GCR
565;1;IMP
566;1;ENV
567;1;LOG
568;1;FTP
569;1;EXE
570;1;SMF
571;1;DAI
572;1;CON
573;1;PCS
574;1;ACI
575;1;LCE
576;1;TAH
577;1;SDU
578;1;SPB
579;1;SMN
580;1;GSM
581;1;EFI
582;1;NAF
583;1;BCN
584;1;MAT
585;1;ATC
586;1;SAS
587;1;GAD
588;1;CQL
589;1;ACH
590;1;ICO
591;1;FDL
592;1;PSC
593;1;GRO
594;1;CVE
595;1;ROT
596;1;BD_
597;1;GLO
598;1;ACO
599;1;TEC
600;1;AAD
601;1;GDP
602;1;GDA
603;1;EVE
604;1;INT
605;1;BCP
606;1;NEB
607;1;GDC
608;1;ERC
609;1;RIM
610;1;WCO
611;1;MOV
612;1;WOC
613;1;OUV
614;1;CTD
615;1;ARC
616;1;ASE
617;1;CTM
618;1;AMC
619;1;WNT
620;1;WFM
621;1;ARH
622;1;CLE
623;1;BKP
624;1;ANB
625;1;STA
626;1;FOB
627;1;ABC
628;1;SIA
629;1;ARS
630;1;APC
631;1;BAC
632;1;VMS
633;1;GTC
634;1;CDU
635;1;SOC
636;1;EXC
637;1;ACT
638;1;TIP
639;1;EPA
640;1;SIGEC-ALTA
641;1;SIFES-ALTA
642;1;SIGEL-ALTA
643;1;SICLI-ALTA
644;1;SEM NOME
645;1;SIRIC-ALTA
646;1;SIGDB-ALTA
647;1;SIEMP-ALTA
648;1;SAILPOINT-ALTA
649;1;CICSDIRECT-ALTA
650;1;SIMIC-ALTA
651;1;SIDEC-ALTA
652;1;SIPES-ALTA
653;1;SIAPC-ALTA
654;1;SISRH-ALTA
655;1;SIPON-ALTA
656;1;SIBAR-ALTA
657;1;SIGES-ALTA
658;1;SINAV-ALTA
659;1;SINAT-ALTA
660;1;SISMN.CAIXA
661;1;SICRI-ALTA
662;1;SICVE-ALTA
663;1;SIOPI-ALTA
664;1;SUP-ALTA
665;1;SIDON-ALTA
666;1;SIATM-ALTA
667;1;SIORM-ALTA
668;1;SIPCS-ALTA
669;1;SICRR-ALTA
670;1;SIFEC-ALTA
671;1;SISPL-ALTA
672;1;SICOF-ALTA
673;1;SIAPX-ALTA
674;1;CICS-ALTA
675;1;SISPB-ALTA
676;1;SIBCN-ALTA
677;1;SIFES.CAIXA
678;1;SIARA-ALTA
679;1;SIPLD-ALTA
680;1;SIPEN-ALTA
681;1;SINAF-ALTA
682;1;SIL
683;1;DBM
684;1;PRO
685;1;CNT
686;1;%PC
687;1;PLA
688;1;AUT
689;1;3-R
690;1;REL
691;1;WO0
692;1;ECE
693;1;VOL
694;1;CCV
695;1;RED
696;1;GES
697;1;MCN
698;1;B5R
699;1;GRP
700;1;VSM
701;1;SND
702;1;GIP
703;1;END
704;1;BPM
705;1;GEA
706;1;GED
707;1;FNS
708;1;FRN
709;1;B2D
710;1;B2Z
711;1;B2P
712;1;PLO
713;1;NAD
714;1;MQS
715;1;ATV
716;1;VDR
717;1;P2S
718;1;CLG
719;1;BPS
720;1;ASG
721;1;HMP
722;1;COP
723;1;P1S
724;1;SFG
725;1;BDE
726;1;B2S
727;1;TRF
728;1;CIP
729;1;CRR
730;1;LCR
731;1;BPO
732;1;ARA
733;1;PMC
734;1;DB2
735;1;EDE
736;1;COF
737;1;APX
738;1;SSO
739;1;GFI
740;1;GDB
741;1;DON
742;1;SRH
743;1;BIG
744;1;CAP
745;1;DEC
746;1;DBA
747;1;#KP
748;1;RUC
749;1;AMS
750;1;GCH
751;1;AEF
752;1;BPR
753;1;HLP
754;1;ISO
755;1;B3R
756;1;RAC
757;1;PEL
758;1;NAT
759;1;AFC
760;1;VPS
761;1;BPI
762;1;@@@
763;1;DRH
764;1;BKM
765;1;HRE
766;1;ICR
767;1;ADI
768;1;STG
769;1;BNC
770;1;REC
771;1;ECX
772;1;SCO
773;1;SIR
774;1;PON
775;1;SUP
776;1;B2R
777;1;CTB
778;1;FIN
779;1;BAI
780;1;BPJ
781;1;MEC
782;1;OSP
783;1;API
784;1;CRS
785;1;B2G
786;1;BAR
787;1;GCB
788;1;JUN
789;1;BDD
790;1;SPL
791;1;RLA
792;1;VEP
793;1;GEC
794;1;BDS
795;1;ATX
796;1;ACP
797;1;P3S
798;1;SCP
799;1;DES
800;1;BPP
801;1;BKO
802;1;DEL
803;1;CAC
804;1;BIC
805;1;DBO
806;1;TAG
807;1;SBD
808;1;CMR
809;1;INA
810;1;DOC
811;1;BPL
812;1;COB
813;1;ATM
814;1;SEG
815;1;B3G
816;1;CKM
817;1;CPW
818;1;FAD
819;1;NCH
820;1;AFM
821;1;CRI
822;1;BKD
823;1;APF
824;1;#PR
825;1;BDI
826;1;PAT
827;1;CBR
828;1;NAV
829;1;AOI
830;1;SIG
831;1;GDM
832;1;GEL
833;1;DTW
834;1;BPC
835;1;IAF
836;1;PES
837;1;COM
838;1;DDA
839;1;ORM
840;1;SICDU-ALTA
841;1;SIFEC-INTRA
842;1;SIOSP-ALTA
843;1;SIINA-ALTA
844;1;SIPAG-INTRA
845;1;SIPMC-INTRA
846;1;SIPRC-INTRA
847;1;SIAOI-INTRA
848;1;SITAH-INTRA
849;1;SIGIP-ALTA
850;1;SIATD-INTRA
851;1;SIPLO-ALTA
852;1;SIAEF-INTRA
853;1;SIIAF-ALTA
854;1;SISGDONLINE-INTRA
855;1;SIFOB-ALTA
856;1;SICTDDIG-INTRA
857;1;SICDU-INTER
858;1;SIGFI-INTRA
859;1;SIAEF-ALTA
860;1;APMBR-INTRA
861;1;SIFFP-ALTA
862;1;SIORC-INTRA
863;1;SITAHMON-INTRA
864;1;SIGSM-ALTA
865;1;SISGDHABITACAO-INTER
866;1;SIACL-ALTA
867;1;SIAFC-ALTA
868;1;INDICADORES-INTRA
869;1;SIGTC-INTRA
870;1;SISGDCREDITO-INTER
871;1;SICQL-INTER
872;1;SICTD-INTRA
873;1;SISGDCORPORATIVO-INTER
874;1;SIEXC-INTRA
875;1;SICVE-INTRA
876;1;SIGFI-ALTA
877;1;SIEVJ-INTER
878;1;SILCE-INTRA
879;1;SIERE-ALTA
880;1;SIEVJ-INTRA
881;1;SISGDNEGOCIAL-INTER
882;1;SIVEP-ALTA
883;1;SISDU2-INTRA
884;1;SIGEC-INTRA
885;1;SIGED-ALTA
886;1;SIECE-ALTA
887;1;SAILPOINT-INTRA
888;1;SIOPI-INTRA
889;1;SISGDFINANCEIRO-INTER
890;1;SIOPISIMULADOR-INTER
891;1;SIMCN-ALTA
892;1;SICQL-INTRA
893;1;NSGD-ALTA
894;1;SIAMS-ALTA
895;1;SIOPIWEB-INTER
896;1;SIMAT-ALTA
897;1;SIPAT-ALTA
898;1;SIFES-INTRA
899;1;SIACT-ALTA
900;1;SIRIC-INTRA
901;1;PORTALPAC-INTER
902;1;SIGTC-INTER
903;1;SIPMC-INTER
904;1;QMF-ALTA
905;1;SIAMC-INTER
906;1;SIATX-ALTA
907;1;SIPLD-INTRA
908;1;SIMOF.CAIXA
909;1;SICTB-ALTA
910;1;SICDU2-INTRA
911;1;SIGCR-INTRA
912;1;SIPEN-INTRA
913;1;SISEG-ALTA
914;1;SIOUV-INTRA
915;1;SICRS-INTRA
916;1;SIEMP-INTRA
917;1;SIICO-ALTA
918;1;SISRS-INTRA
919;1;SIAPI-ALTA
920;1;SINCH-INTRA
921;1;SITEC-INTRA
922;1;SIWFS-ALTA
923;1;SIEFI-INTRA
924;1;SIFEC-INTER
925;1;SINAD-ALTA
926;1;SIAMC-INTRA
927;1;SICDU-INTRA
928;1;APM
929;1;%FD
930;1;MED
931;1;PGE
932;1;ITG
933;1;CRC
934;1;DMF
935;1;TRN
936;1;D03
937;1;CCR
938;1;AAC
939;1;ROP
940;1;FFP
941;1;GRR
942;1;D02
943;1;BDC
944;1;ROS
945;1;SCI
946;1;EGH
947;1;B2C
948;1;AIT
949;1;ACL
950;1;ADE
951;1;ICE
952;1;SGD
953;1;INB
954;1;PAG
955;1;ADP
956;1;CSE
957;1;ERE
958;1;TRA
959;1;D52
960;1;GPB
961;1;CAI
962;1;AOP
963;1;AOF
964;1;ECC
965;1;GEX
966;1;GMA
967;1;TES
968;1;SIAFC-INTRA
969;1;SIACO-ALTA
970;1;SIGCH-INTRA
971;1;SIPEX-ALTA
972;1;SICTD-INTER
973;1;SIRAN-ALTA
974;1;KTC
975;1;XNF
976;1;RAA
977;1;NUS
978;1;TIS
979;1;RPX
980;1;ADG
981;1;RPT
982;1;SIWFA.CAIXA
983;1;REN
984;1;ICM
985;1;BDJ
986;1;RMF
987;1;DEM
988;1;BDG
989;1;ECM
990;1;BKC
991;1;SID
992;1;DFM
993;1;BKS
994;1;DSN
995;1;DPR
996;1;BKZ
997;1;DIX
998;1;RM1
999;1;RM3
1000;1;XOR
1001;1;RM8
1002;1;VAL
1003;1;AJF
1004;1;CAD
1005;1;IEB
1006;1;ALT
1007;1;DFP
1008;1;DFD
1009;1;CNF
1010;1;DFS
1011;1;ENS
1012;1;SIC
1013;1;---
1014;1;SL1
1015;1;SLP
1016;1;SLL
1017;1;SIMOV.CAIXA
1018;1;WIK
1019;1;SIFES-INTER
1020;1;SICVE-INTER
1021;1;NFD
1022;1;DUN
1023;1;POO
1024;1;SISMN.CAIXA.
1025;1;SFW
1026;1;HSM
1027;1;SIRCA-INTRA
1028;1;BHS
1029;1;IEF
1030;1;BDL
1031;1;BPH
1032;1;BDH
1033;1;GPF
1034;1;WIN
1035;1;TRC
1036;3;SITES
1037;3;SITESTE_CTM
1038;3;SIDB2
1039;3;SICSQ
1040;3;SIDIS
1041;3;SIASN
1042;3;SIGPS
1043;3;SIDSN
1044;3;SIADB
1045;2;BDPRD
1046;2;SICSQ
1047;2;SIGFI
1048;2;SIPRD
1049;1;GPBMC
1050;1;MOADB
1051;1;MOAFC
1052;1;MOAOC
1053;1;MOAPO
1054;1;MOAPX
1055;1;MOAP1
1056;1;MOAP2
1057;1;MOATC
1058;1;MODEL
1059;1;MOINA
1060;1;MOMSC
1061;1;SIACI
1062;1;SIACL
1063;1;SIACT
1064;1;SIAEF
1065;1;SIAFC
1066;1;SIAMS
1067;1;SIAOI
1068;1;SIAPC
1069;1;SIAPG
1070;1;SIAPI
1071;1;SIAPP
1072;1;SIAPX
1073;1;SIARA
1074;1;SIARC
1075;1;SIART
1076;1;SIATE
1077;1;SIATM
1078;1;SIATR
1079;1;SIATV
1080;1;SIATX
1081;1;SIBMC
1082;1;SICCF
1083;1;SICCP
1084;1;SICDC
1085;1;SICLI
1086;1;SICOB
1087;1;SICOF
1088;1;SICRI
1089;1;SICRS
1090;1;SICTB
1091;1;SIDEC
1092;1;SIDMF
1093;1;SIDON
1094;1;SIDPS
1095;1;SIDTW
1096;1;SID52
1097;1;SIECE
1098;1;SIEMP
1099;1;SIFDL
1100;1;SIFOB
1101;1;SIGEC
1102;1;SIGED
1103;1;SIGEL
1104;1;SIGES
1105;1;SIGFI
1106;1;SIGIP
1107;1;SIICO
1108;1;SIMCN
1109;1;SIMSC
1110;1;SINAC
1111;1;SINAD
1112;1;SINAF
1113;1;SINAT
1114;1;SINAV
1115;1;SINA1
1116;1;SIOPI
1117;1;SIORM
1118;1;SIOSP
1119;1;SIPAT
1120;1;SIPCS
1121;1;SIPEN
1122;1;SIPES
1123;1;SIPGE
1124;1;SIPLA
1125;1;SIPLD
1126;1;SIPLO
1127;1;SIPON
1128;1;SISCP
1129;1;SISPB
1130;1;SISPL
1131;1;SISRA
1132;1;SISRE
1133;1;SISRH
1134;1;SISRP
1135;1;SISRS
1136;1;SITAG
1137;1;SIUSU
1138;1;SIVEP
1139;1;SUATP
1140;1;SUCBR
1141;1;SUCP1
1142;1;SUCP2
1143;1;SUDIS
1144;1;SUFC1
1145;1;SUFC3
1146;1;SUFPA
1147;1;SURAC
1148;1;SUSRC
1149;1;SUSRR
1150;1;SUSTR
1151;1;SIAUD
1152;1;SIGPS
1153;1;SIMIC
1154;1;SITRF
1155;1;SUFC5
1156;1;SICRR
1157;2;ORM
1158;3;SIPWX
1159;3;SIAPM
1160;3;SIBEM
1161;3;SIDSM
1162;3;SIFSW
1163;3;SIMCR
1164;3;SIPTS
1165;3;SIRCO
1166;3;SIRPI
1167;3;SIRTI
1168;3;SISCT
1169;3;SISFW
1170;3;SITRJ
1171;3;SIMPF
1172;3;SICLI
1173;3;SIDCL
1174;3;SIRAS
1175;3;SIMEI
1176;3;SIAIT
1177;1;GOT
1178;1;SISRHWEB-INTRA
1179;1;SIGEC2-INTRA
1180;1;SIARC-INTRA
1181;1;AUTORH-INTRA
1182;1;SIGDA-INTRA
1183;1;SINAD-INTRA
1184;1;SISGD3-INTRA
1185;1;SIPES-INTRA
1186;1;SIGDP-INTRA
1187;1;SIAAD-INTRA
1188;1;-
1189;1;SIPON-INTRA
1190;1;CSC
1191;1;CRQ
1192;1;SOR
1193;1;WWW.PANDADOMAINADVISOR.COM
1194;1;SIF
1195;1;ORC
1196;1;SII
1197;1;SIN
1198;1;SIP
1199;3;SIDIG
1200;3;SICTI
1201;1;MAN
1202;1;HRR
1203;1;JTI
1204;1;CTX
1205;2;PGT
1206;2;SIPGT
1207;3;SI?RR
1208;1;MAG
1209;1;MEU
1210;1;SL9
1211;3;SIDPS
1212;1;NOR
1213;1;REP
1214;1;SIARC-ALTA
1215;1;HOT
1216;1;ADD
1217;1;STO
1218;1;MCM
1219;1;SIW
1220;3;SIADP
1221;3;SIECX
1222;3;SIEND
1223;3;SIFCR
1224;3;SIFGC
1225;3;SIFGH
1226;3;SIHSM
1227;3;SIMNS
1228;3;SIMSO
1229;3;SIMVS
1230;3;SIPRD
1231;3;SISEG
1232;3;SISIG
1233;3;SICNT
1234;3;SIIDM
1235;3;SIJCL
1236;3;SIMEM
1237;3;SINET
1238;3;SIADM
1239;3;SISUP
1240;3;SISRD
1241;3;SISTR
1242;3;SISDI
